nro de LU,promedio
12345,8.166666666666666
67890,8.166666666666666
11223,5.75
